[C|CAS|364|120000020000|7|*|McGuire|Mike||01|Mike McGuire]
[C|CAS|365|120000020000|183||Jacobi|Veronica|"Roni"|01|Veronica "Roni" Jacobi]
[C|CAS|366|120000040000|715||Worley|Michael||01|Michael "Mike" Worley]
[C|CAS|367|120000040000|742||Kim|Phillip|Jungwha|01|Phillip Kim]
[C|CAS|368|120000040000|551|*|Nielsen|James|W.|02|James Nielsen]
[C|CAS|369|120000060000|129||Mason|Jacob||01|Jacob Mason]
[C|CAS|370|120000060000|502|*|Pan|Richard|Juien-Dah|01|Richard Pan]
[C|CAS|371|120000060000|180||DeRose|Janine||05|Janine DeRose]
[C|CAS|372|120000060000|1||Frame|Eric|Stephan Timothy|14|Eric Frame]
[C|CAS|373|120000080000|20||Pratt|Tom||01|Tom Pratt]
[C|CAS|374|120000080000|218||Miranda|Paulina||01|Paulina Miranda]
[C|CAS|375|120000080000|85||Borgeas|Andreas||02|Andreas Borgeas]
[C|CAS|376|120000080000|125||Belden|Mark||14|Mark Belden]
[C|CAS|377|120000100000|523|*|Wieckowski|Robert|Anthony|01|Bob Wieckowski]
[C|CAS|378|120000100000|712||San Vicente|Victor|G.|02|Victor G. San Vicente]
[C|CAS|379|120000100000|713||Sarsak|Ali||05|Ali Sarsak]
[C|CAS|380|120000120000|291||Parra|Daniel||01|Daniel Parra]
[C|CAS|381|120000120000|659||Caballero|Anna|Marie|01|Anna Caballero]
[C|CAS|382|120000120000|75||Tacherra|Johnny|M.|02|Johnny Tacherra]
[C|CAS|383|120000120000|621||Poythress|Rob||02|Rob Poythress]
[C|CAS|384|120000140000|184||Hurtado|Melissa||01|Melissa Hurtado]
[C|CAS|385|120000140000|188||Solis|Abigail||01|Abigail Solis]
[C|CAS|386|120000140000|758||Macareno|Ruben||01|Ruben Macareno]
[C|CAS|387|120000140000|647|*|Vidak|James|Andrew|02|Andy Vidak]
[C|CAS|388|120000160000|124||Musser-Lopez|Ruth||01|Ruth Musser-Lopez]
[C|CAS|389|120000160000|320||Grove|Shannon||02|Shannon Grove]
[C|CAS|390|120000160000|322||Tatum|Gregory||02|Gregory Tatum]
[C|CAS|391|120000180000|408|*|Hertzberg|Bob||01|Bob Hertzberg]
[C|CAS|392|120000180000|455||Sayegh|Roger|James|01|Roger James Sayegh]
[C|CAS|393|120000180000|293||Saario|Brandon||02|Brandon Saario]
[C|CAS|394|120000180000|410||Melendez|Rudy||02|Rudy Melendez]
[C|CAS|395|120000200000|60||Avila|Paul|Vincent|01|Paul Vincent Avila]
[C|CAS|396|120000200000|321|*|Leyva|Connie||01|Connie Leyva]
[C|CAS|397|120000200000|126||Munson|Matthew||02|Matthew Munson]
[C|CAS|398|120000220000|342||Sierra|Ruben||01|Ruben Sierra]
[C|CAS|399|120000220000|414||Garcia|Monica||01|Monica Garcia]
[C|CAS|400|120000220000|492||Eng|Mike||01|Mike Eng]
[C|CAS|401|120000220000|524||Rubio|Susan||01|Susan Rubio]
[C|CAS|402|120000240000|346||Durazo|Maria|Elena|01|Maria Elena Durazo]
[C|CAS|403|120000240000|412||Choi|Peter||01|Peter Choi]
[C|CAS|404|120000260000|349|*|Allen|Benjamin||01|Ben Allen]
[C|CAS|405|120000260000|711||Herd|Mark|Matthew|05|Mark Matthew Herd]
[C|CAS|406|120000260000|639||Bruno|Baron||14|Baron Bruno]
[C|CAS|407|120000280000|110||Silver|Joy||01|Joy Silver]
[C|CAS|408|120000280000|623||Nevenic|SvetLana||01|Anna Nevenic]
[C|CAS|409|120000280000|774|*|Stone|Jeffrey|Earle|02|Jeff Stone]
[C|CAS|410|120000300000|520|*|Mitchell|Holly|J.|01|Holly J. Mitchell]
[C|CAS|411|120000320000|217||Mendoza|Tony||01|Tony Mendoza]
[C|CAS|412|120000320000|344||Romero|Vivian||01|Vivian Romero]
[C|CAS|413|120000320000|406||Santana|Vicky||01|Vicky Santana]
[C|CAS|414|120000320000|521||Archuleta|Bob|J.|01|Bob J. Archuleta]
[C|CAS|415|120000320000|522||Delgado|Vanessa||01|Vanessa Delgado]
[C|CAS|416|120000320000|597||Taj|Ali|S.|01|Ali S. Taj]
[C|CAS|417|120000320000|598||Bermudez|Rudy||01|Rudy Bermudez]
[C|CAS|418|120000320000|757||Castellanos|David||01|David Castellanos]
[C|CAS|419|120000320000|755||Sarega|Ion||02|Ion Sarega]
[C|CAS|420|120000320000|779||Topalian|Rita||02|Rita Topalian]
[C|CAS|421|120000340000|292||Samson|Jestin|L.|01|Jestin L. Samson]
[C|CAS|422|120000340000|629||Umberg|Thomas||01|Tom Umberg]
[C|CAS|423|120000340000|767||Hawkins|Akash|A.|01|Akash A. Hawkins]
[C|CAS|424|120000340000|81|*|Nguyen|Janet||02|Janet Nguyen]
[C|CAS|425|120000360000|295||Castellano|Marggie||01|Marggie Castellano]
[C|CAS|426|120000360000|294|*|Bates|Patricia|C.|02|Patricia C. 'Pat' Bates]
[C|CAS|427|120000380000|710||Griffith|Jeff||01|Jeff Griffith]
[C|CAS|428|120000380000|487||Jones|Brian|W.|02|Brian W. Jones]
[C|CAS|429|120000380000|392||Salguero|Antonio||05|Antonio Salguero]
[C|CAS|430|120000400000|416|*|Hueso|Benjamin||01|Ben Hueso]
[C|CAS|431|120000400000|709||Vargas|Luis|R.|02|Luis R. Vargas]