[C|CAS|56|070000000000|631||Jones|David|E.|01|Dave Jones]
[C|CAS|57|070000000000|688|*|Becerra|Xavier||01|Xavier Becerra]
[C|CAS|58|070000000000|28||Bailey|Steven|C|02|Steven C Bailey]
[C|CAS|59|070000000000|334||Early|Eric||02|Eric Early]
[C|CAS|432|130000010000|699||Van Peborgh|Peter||01|Peter Van Peborgh]
[C|CAS|433|130000010000|708||Sisk|Caleen||01|Caleen Sisk]
[C|CAS|434|130000010000|770|*|Dahle|Brian|D.|02|Brian Dahle]
[C|CAS|435|130000010000|187||O'Connell-Nowain|Jenny||14|Jenny O Connell-Nowain]
[C|CAS|436|130000020000|190|*|Wood|Jim||01|Jim Wood]
[C|CAS|437|130000020000|754||Heath|Matt||02|Matt Heath]
[C|CAS|438|130000030000|732||Aery|Sonia||01|Sonia Aery]
[C|CAS|439|130000030000|87|*|Gallagher|James|M.|02|James Gallagher]
[C|CAS|440|130000040000|538|*|Aguiar-Curry|Cecilia|Marie|01|Cecilia Aguiar-Curry]
[C|CAS|441|130000050000|59||Neal|Carla|Jean|01|Carla J. Neal]
[C|CAS|442|130000050000|628|*|Bigelow|Franklin|E.|02|Frank Bigelow]
[C|CAS|443|130000060000|189||Smith|Jacalyn|Jackie|01|Jacalyn "Jackie" Smith]
[C|CAS|444|130000060000|613|*|Kiley|Kevin||02|Kevin Kiley]
[C|CAS|445|130000070000|169|*|McCarty|Kevin|M.|01|Kevin McCarty]
[C|CAS|446|130000080000|45|*|Cooley|Kenneth|Wm|01|Ken Cooley]
[C|CAS|447|130000080000|132||Avey|Melinda|May|02|Melinda Avey]
[C|CAS|448|130000080000|39||Bonser|Janice|Marlae|05|Janice Marlae Bonser]
[C|CAS|449|130000080000|162||Murray|Lawrence|Ray|14|Lawrence Ray Murray]
[C|CAS|450|130000090000|21||He|Harry|Sum|01|Harry He]
[C|CAS|451|130000090000|626|*|Cooper|Jim||01|Jim Cooper]
[C|CAS|452|130000090000|673||Garcia|Mario|Abraham|01|Mario Garcia]
[C|CAS|453|130000100000|117||Monte|Daniel||01|Dan Monte]
[C|CAS|454|130000100000|513|*|Levine|Marc|B.|01|Marc Levine]
[C|CAS|455|130000110000|650|*|Frazier|Jim||01|Jim Frazier]
[C|CAS|456|130000110000|789||Stewart|Diane|Denise|01|Diane Stewart]
[C|CAS|457|130000110000|564||Romero|Lisa||02|Lisa Romero]
[C|CAS|458|130000120000|148||Chase|Robert|D.|01|Robert D. Chase]
[C|CAS|459|130000120000|68|*|Flora|Heath||02|Heath Flora]
[C|CAS|460|130000130000|211|*|Eggman|Susan|T.|01|Susan Talamantes Eggman]
[C|CAS|461|130000130000|797||Villapudua|Carlos||01|Carlos Villapudua]
[C|CAS|462|130000130000|795||Garcia|Antonio|M.|02|Antonio M. Garcia]
[C|CAS|463|130000140000|707|*|Grayson|Timothy|Scott|01|Tim Grayson]
[C|CAS|464|130000140000|733||Yahya|Aasim||01|Aasim Yahya]
[C|CAS|465|130000150000|89||Wicks|Buffy||01|Buffy Wicks]
[C|CAS|466|130000150000|151||Pardue-Okimoto|Rochelle|R.|01|Rochelle Pardue-Okimoto]
[C|CAS|467|130000150000|231||Sudduth|Cheryl||01|Cheryl Sudduth]
[C|CAS|468|130000150000|236||Poindexter|Owen||01|Owen Poindexter]
[C|CAS|469|130000150000|361||Appel|Judy|K.|01|Judy Appel]
[C|CAS|470|130000150000|660||Piterman|Sergey|RV|01|Sergey Vikramsingh Piterman]
[C|CAS|471|130000150000|661||Bartlett|Ben||01|Ben Bartlett]
[C|CAS|472|130000150000|664||Thaman|Raquella||01|Raquella Thaman]
[C|CAS|473|130000150000|666||Kalb|Daniel|E.|01|Dan Kalb]
[C|CAS|474|130000150000|741||Beckles|Jovanka|D.|01|Jovanka Beckles]
[C|CAS|475|130000150000|811||Katz|Andy||01|Andy Katz]
[C|CAS|476|130000150000|133||Jandhyala|Pranav|K.|02|Pranav Jandhyala]
[C|CAS|477|130000160000|191||Bauer-Kahan|Rebecca||01|Rebecca Bauer-Kahan]
[C|CAS|478|130000160000|165|*|Baker|Catharine|B.|02|Catharine Baker]
[C|CAS|479|130000170000|204||Fernandez|Alejandro||01|Alejandro Fernandez]
[C|CAS|480|130000170000|405|*|Chiu|David||01|David Chiu]
[C|CAS|481|130000180000|395|*|Bonta|Rob|Andres|01|Rob Bonta]
[C|CAS|482|130000180000|357||Slauson|Stephen|S.|02|Stephen Slauson]
[C|CAS|483|130000190000|104|*|Ting|Phil|Y.|01|Phil Ting]
[C|CAS|484|130000190000|424||Bogdon|Keith||02|Keith Bogdon]
[C|CAS|485|130000190000|423||Ernst|David||14|David Ernst]
[C|CAS|486|130000200000|663|*|Quirk|Bill||01|Bill Quirk]
[C|CAS|487|130000210000|29|*|Gray|Adam|C.|01|Adam C. Gray]
[C|CAS|488|130000220000|453|*|Mullin|Kevin||01|Kevin Mullin]
[C|CAS|489|130000220000|203||Laskowski|M.|Christina|02|Christina Laskowski]
[C|CAS|490|130000220000|800||Duffy|Bridget||04|Bridget Duffy]
[C|CAS|491|130000230000|256||Rizo|Aileen|M.|01|Aileen Rizo]
[C|CAS|492|130000230000|505|*|Patterson, Jr.|Norwood|James|02|Jim Patterson]
[C|CAS|493|130000240000|255|*|Berman|Marc||01|Marc Berman]
[C|CAS|494|130000240000|655||Glew|Alex||02|Alex Glew]
[C|CAS|495|130000240000|323||Goodwyn|Robert|D.|05|Bob Goodwyn]
[C|CAS|496|130000250000|692|*|Chu|Kansen||01|Kansen Chu]
[C|CAS|497|130000250000|705||Montano|Carmen||01|Carmen Montano]
[C|CAS|498|130000250000|36||Brunton|Robert|Lawrence|02|Bob Brunton]
[C|CAS|499|130000250000|163||Imhoff-Doushasm|Robert||05|Robert Imhoff]
[C|CAS|500|130000260000|123||Sigala|Jose|G.|01|Jose Sigala]
[C|CAS|501|130000260000|454|*|Mathis|Devon|John|02|Devon Mathis]
[C|CAS|502|130000260000|549||Gubler|Edmund|Warren|02|Warren Gubler]
[C|CAS|503|130000260000|747||Lavers|Jack||02|Jack Lavers]
[C|CAS|504|130000270000|308|*|Kalra|Ash||01|Ash Kalra]
[C|CAS|505|130000280000|254|*|Low|Evan||01|Evan Low]
[C|CAS|506|130000280000|118||Snyder|Michael|Larry|02|Michael L. Snyder]
[C|CAS|507|130000290000|450|*|Stone|Mark||01|Mark Stone]
[C|CAS|508|130000290000|232||Nohrden|Vicki|Lynne|02|Vicki L. Nohrden]
[C|CAS|509|130000300000|37||Coffman-Gomez|Trina||01|Trina Coffman-Gomez]
[C|CAS|510|130000300000|233||Rivas|Robert||01|Robert Rivas]
[C|CAS|511|130000300000|674||Leroe-Mu침oz|Peter|B.|01|Peter Leroe-Mu침oz]
[C|CAS|512|130000300000|743||Lipe|William|O.|01|Bill Lipe]
[C|CAS|513|130000300000|704||Kitchens|Neil|Gerald|02|Neil G. Kitchens]
[C|CAS|514|130000310000|253|*|Arambula|Joaquin||01|Joaquin Arambula]
[C|CAS|515|130000310000|215||Espinoza|Lupe||02|Lupe Espinoza]
[C|CAS|516|130000320000|554|*|Salas|Rudy||01|Rudy Salas]
[C|CAS|517|130000320000|771||Mendes|Justin||02|Justin Mendes]
[C|CAS|518|130000330000|69||Cisneros|Socorro||01|Socorro Cisneros]
[C|CAS|519|130000330000|328||Markovich|Scott||01|Scott Markovich]
[C|CAS|520|130000330000|547|*|Obernolte|Jay||02|Jay Obernolte]
[C|CAS|521|130000340000|43||Nicita|Nicholas||01|Nick Nicita]
[C|CAS|522|130000340000|302|*|Fong|Vince||02|Vince Fong]
[C|CAS|523|130000350000|198||Ostrander|Bill||01|Bill Ostrander]
[C|CAS|524|130000350000|731|*|Cunningham|Jordan|Shane|02|Jordan Cunningham]
[C|CAS|525|130000360000|369||Fox|Steve||01|Steve Fox]
[C|CAS|526|130000360000|362|*|Lackey|Tom||02|Tom Lackey]
[C|CAS|527|130000370000|324|*|Lim칩n|Sonya|Monique|01|S. Monique Lim칩n]
[C|CAS|528|130000370000|489||Norrdin|David|L.|01|David L. Norrdin]
[C|CAS|529|130000370000|531||Collin|Sofia|Maya|01|Sofia Collin]
[C|CAS|530|130000380000|258||Smith|Christy||01|Christy Smith]
[C|CAS|531|130000380000|303|*|Acosta|Dante||02|Dante Acosta]
[C|CAS|532|130000390000|352||Rivas|Luz|Maria|01|Luz Maria Rivas]
[C|CAS|533|130000390000|353||Sanchez|Antonio||01|Antonio Sanchez]
[C|CAS|534|130000390000|370||Patrick|Patrea||01|Patrea Patrick]
[C|CAS|535|130000390000|417||Lopez|Patty||01|Patty Lopez]
[C|CAS|536|130000390000|703||Corwin|Bonnie||01|Bonnie Corwin]
[C|CAS|537|130000390000|251||Benitez|Ricardo|Antonio|02|Ricardo Antonio Benitez]
[C|CAS|538|130000400000|425||Cook|Libbern|Gwen|01|Libbern Gwen Cook]
[C|CAS|539|130000400000|427||Ramos|James|C.|01|James C. Ramos]
[C|CAS|540|130000400000|803||Nickel|Henry|Gomez|02|Henry Gomez Nickel]
[C|CAS|541|130000410000|415|*|Holden|Chris||01|Chris Holden]
[C|CAS|542|130000410000|702||Rotter|Kenneth||01|Kenneth (Kenny) Rotter]
[C|CAS|543|130000410000|592||Reynolds|Alan|S.|14|Alan S. Reynolds]
[C|CAS|544|130000420000|122||Mazingo|DeniAntionette|Julia|01|DeniAntionette Mazingo]
[C|CAS|545|130000420000|356||Jeandron|Gary|M.|02|Gary Jeandron]
[C|CAS|546|130000420000|587||Kotyuk|Andrew|F.|02|Andrew F. Kotyuk]
[C|CAS|547|130000420000|729|*|Mayes|Chad||02|Chad Mayes]
[C|CAS|548|130000420000|34||Bouldin|Carol|A.|04|Carol A. Bouldin]
[C|CAS|549|130000430000|461|*|Friedman|Laura||01|Laura Friedman]
[C|CAS|550|130000440000|490||Zelinsky|Robert|M.|01|Robert Zelinsky]
[C|CAS|551|130000440000|545|*|Irwin|Jacqui|V.|01|Jacqui Irwin]
[C|CAS|552|130000440000|570||Baldwin|Ronda||02|Ronda Baldwin-Kennedy]
[C|CAS|553|130000450000|235||Brin|Daniel||01|Daniel Brin]
[C|CAS|554|130000450000|250||Bishop|Ray||01|Ray Bishop]
[C|CAS|555|130000450000|426||Robbins Kasson|Tricia||01|Tricia Robbins Kasson]
[C|CAS|556|130000450000|428||Patel|Ankur||01|Ankur Patel]
[C|CAS|557|130000450000|499||Gabriel|Jesse||01|Jesse Gabriel]
[C|CAS|558|130000450000|627||Bornstein|Jeff||01|Jeff Bornstein]
[C|CAS|559|130000450000|249||Clark|Justin|M.|02|Justin M. Clark]
[C|CAS|560|130000460000|401|*|Nazarian|Adrin||01|Adrin Nazarian]
[C|CAS|561|130000460000|429||Hoge|Roxanne|Beckford|02|Roxanne Beckford Hoge]
[C|CAS|562|130000470000|327|*|Reyes|Eloise|Gomez|01|Eloise Reyes]
[C|CAS|563|130000480000|568|*|Rubio|Blanca|E.|01|Blanca E. Rubio]
[C|CAS|564|130000490000|374|*|Chau|Ed||01|Ed Chau]
[C|CAS|565|130000490000|304||Brink|Burton||02|Burton Brink]
[C|CAS|566|130000500000|411|*|Bloom|Richard||01|Richard Bloom]
[C|CAS|567|130000510000|368|*|Carrillo|Wendy||01|Wendy Carrillo]
[C|CAS|568|130000520000|399||Guzman|Frank|C.|01|Frank C. Guzman]
[C|CAS|569|130000520000|504|*|Rodriguez|Freddie||01|Freddie Rodriguez]
[C|CAS|570|130000520000|329||Holle|Toni||02|Toni Holle]
[C|CAS|571|130000520000|131||Gibbins|Ben|W.|05|Ben W. Gibbins]
[C|CAS|572|130000530000|354|*|Santiago|Miguel||01|Miguel Santiago]
[C|CAS|573|130000530000|363||Jang|Kevin|Hee Young|01|Kevin Hee Young Jang]
[C|CAS|574|130000530000|591||Henry|Rae|Elisabeth|01|Rae Elisabeth Henry]
[C|CAS|575|130000530000|306||Lewis|Michael|A.|05|Michael A. Lewis]
[C|CAS|576|130000540000|27||Hollie|Breon|Dupree|01|Breon Dupree Hollie]
[C|CAS|577|130000540000|432||Piquado|Tepring|Michelle|01|Tepring Michelle Piquado]
[C|CAS|578|130000540000|532||Kamlager|Sydney|K.|01|Sydney K. Kamlager]
[C|CAS|579|130000540000|540||Dunwoody|Steve||01|Steve Dunwoody]
[C|CAS|580|130000540000|567||Lyons|Lamar||01|Lamar Lyons]
[C|CAS|581|130000540000|372||Ratcliff|Glen||02|Glen Ratcliff]
[C|CAS|582|130000550000|44||Fritchle|Gregg|D.|01|Gregg D. Fritchle]
[C|CAS|583|130000550000|612||Fazli|Melissa||01|Melissa Fazli]
[C|CAS|584|130000550000|86|*|Chen|Phillip||02|Phillip Chen]
[C|CAS|585|130000550000|248||Gerbus|James|G.|02|James G. Gerbus]
[C|CAS|586|130000550000|614||Lebda|Scott||02|Scott Lebda]
[C|CAS|587|130000560000|750|*|Garcia|Eduardo|Hermosillo|01|Eduardo Garcia]
[C|CAS|588|130000560000|358||Reiss|Jonathan||02|Jonathan Reiss]
[C|CAS|589|130000560000|580||Gonzalez|Jeffrey||02|Jeff Gonzalez]
[C|CAS|590|130000570000|325||Carter|Blake||01|Blake Sullivan Carter]
[C|CAS|591|130000570000|389||Valero|Justin|Joshua|01|Justin Joshua Valero]
[C|CAS|592|130000570000|409|*|Calderon|Ian|C.|01|Ian C. Calderon]
[C|CAS|593|130000570000|394||Martinez|Jessica||02|Jessica Martinez]
[C|CAS|594|130000570000|599||Llamas|Oscar|J.|02|Oscar J. Llamas]
[C|CAS|595|130000580000|234|*|Garcia|Cristina||01|Cristina Garcia]
[C|CAS|596|130000580000|364||Alvarado|Miguel|Angel|01|Miguel Angel Alvarado]
[C|CAS|597|130000580000|391||Drayer|John|Paul|01|John Paul Drayer]
[C|CAS|598|130000580000|433||Altamirano|Ivan||01|Ivan Altamirano]
[C|CAS|599|130000580000|642||Salazar|Karla|V.|01|Karla V. Salazar]
[C|CAS|600|130000580000|676||Aceituno|Pedro||01|Pedro Aceituno]
[C|CAS|601|130000580000|701||Medrano|Frin칠||01|Frin칠 (Lore) Medrano]
[C|CAS|602|130000580000|462||Simpfenderfer|Mike||02|Mike Simpfenderfer]
[C|CAS|603|130000590000|247|*|Jones-Sawyer|Reggie||01|Reggie Jones-Sawyer]
[C|CAS|604|130000590000|672||Hagan-Morgan|Leslie||01|Leslie Hagan-Morgan]
[C|CAS|605|130000600000|775|*|Cervantes|Sabrina||01|Sabrina Cervantes]
[C|CAS|606|130000600000|640||Essayli|Bilal||02|Bill Essayli]
[C|CAS|607|130000610000|700|*|Medina|Jose||01|Jose Medina]
[C|CAS|608|130000620000|557|*|Burke|Autumn||01|Autumn Burke]
[C|CAS|609|130000620000|807||Hernandez|Al|L.|02|Al L. Hernandez]
[C|CAS|610|130000630000|246|*|Rendon|Anthony||01|Anthony Rendon]
[C|CAS|611|130000630000|508||Estrada|Maria|D.|01|Maria D. Estrada]
[C|CAS|612|130000630000|600||Miller|Adam|Joshua|02|Adam Joshua Miller]
[C|CAS|613|130000640000|407|*|Gipson|Mike|A.|01|Mike A. Gipson]
[C|CAS|614|130000650000|166|*|Quirk-Silva|Sharon|Darlene|01|Sharon Quirk-Silva]
[C|CAS|615|130000650000|245||Coronado|Alexandria|A.|02|Alexandria "Alex" Coronado]
[C|CAS|616|130000660000|371|*|Muratsuchi|Al||01|Al Muratsuchi]
[C|CAS|617|130000660000|473||Arnold|Caney||01|Caney Arnold]
[C|CAS|618|130000660000|386||Scotto|Frank|A.|02|Frank A. Scotto]
[C|CAS|619|130000670000|95||Singleton|Michelle|Diane|01|Michelle Singleton]
[C|CAS|620|130000670000|730|*|Melendez|Melissa|A.|02|Melissa Melendez]
[C|CAS|621|130000680000|675||Duman|Michelle||01|Michelle Duman]
[C|CAS|622|130000680000|11|*|Choi|Steven|S.|02|Steven S. Choi]
[C|CAS|623|130000690000|483|*|Daly|Thomas|F.|01|Tom Daly]
[C|CAS|624|130000700000|418||Gonzales|Elliot|Ruben|01|Elliot Ruben Gonzales]
[C|CAS|625|130000700000|558|*|O'Donnell|Patrick||01|Patrick O'Donnell]
[C|CAS|626|130000700000|56||Bruhnke|Rachel|Alexandra|04|Rachel Alexandra Bruhnke]
[C|CAS|627|130000700000|244||Robson|Honor||05|Honor "Mimi" Robson]
[C|CAS|628|130000710000|365||Elia|James|M.|01|James Elia]
[C|CAS|629|130000710000|497|*|Voepel|Randy||02|Randy Voepel]
[C|CAS|630|130000710000|542||Wilske|Larry|A.|02|Larry A. Wilske]
[C|CAS|631|130000720000|130||Lowenthal|Josh||01|Josh Lowenthal]
[C|CAS|632|130000720000|241||Haskin|Greg||02|Greg Haskin]
[C|CAS|633|130000720000|243||Pham|Long||02|Long Pham]
[C|CAS|634|130000720000|367||Diep|Tyler||02|Tyler Diep]
[C|CAS|635|130000720000|805||Laird|Richard|K.|02|Richard Laird]
[C|CAS|636|130000730000|512||Rhinehart|Scott||01|Scott Rhinehart]
[C|CAS|637|130000730000|419|*|Brough|William|P.|02|William (Bill) Brough]
[C|CAS|638|130000730000|727||Sachs|Ed||02|Ed Sachs]
[C|CAS|639|130000740000|238||Petrie-Norris|Cottie|A.|01|Cottie Petrie-Norris]
[C|CAS|640|130000740000|240||Ta|Ryan||01|Ryan Ta]
[C|CAS|641|130000740000|601||Onofre|Karina||01|Karina Onofre]
[C|CAS|642|130000740000|239||Daigle|Katherine||02|Katherine Daigle]
[C|CAS|643|130000740000|366|*|Harper|Matthew||02|Matthew Harper]
[C|CAS|644|130000750000|355||Geraci|Alan||01|Alan Geraci]
[C|CAS|645|130000750000|481|*|Waldron|Marie||02|Marie Waldron]
[C|CAS|646|130000760000|434||Warren|Elizabeth||01|Elizabeth Warren]
[C|CAS|647|130000760000|544||Boerner Horvath|Tasha|N.|01|Tasha Boerner Horvath]
[C|CAS|648|130000760000|237||Graham|Philip|E.|02|Philip "Phil" Graham]
[C|CAS|649|130000760000|437||Stocks|Jerome||02|Jerome Stocks]
[C|CAS|650|130000760000|472||Krouse|Thomas|E.|02|Thomas E. Krouse]
[C|CAS|651|130000760000|482||Wimmer|Brian||02|Brian Wimmer]
[C|CAS|652|130000760000|491||Rigby|Amanda|Y.|02|Amanda Rigby]
[C|CAS|653|130000760000|571||Muir|Maureen|"Mo"|02|Maureen "Mo" Muir]
[C|CAS|654|130000770000|305||Gover|Sunday||01|Sunday Gover]
[C|CAS|655|130000770000|572|*|Maienschein|Brian||02|Brian Maienschein]
[C|CAS|656|130000780000|494|*|Gloria|Todd||01|Todd Gloria]
[C|CAS|657|130000780000|120||Campbell|Maggie|J.|02|Maggie J. Campbell]
[C|CAS|658|130000790000|99|*|Weber|Shirley|N.|01|Shirley N. Weber]
[C|CAS|659|130000790000|480||Moore|John||02|John Moore]
[C|CAS|660|130000800000|470|*|Gonzalez Fletcher|Lorena||01|Lorena Gonzalez Fletcher]
[C|CAS|661|130000800000|422||Pickard|Lincoln|M.|02|Lincoln Pickard]
[R|CAS|168|190000000068|Natural Resources Bond|GP]
[R|CAS|169|190000000069|Transportation Revenue: Restrictions and Limits|GP]
[R|CAS|170|190000000070|Greenhouse Gas Reduction Reserve Fund|GP]
[R|CAS|171|190000000071|Ballot Measures: Effective Date|GP]
[R|CAS|172|190000000072|Property Tax: New Construction: Rain-Capture|GP]
[C|CAS|64|090000010000|316||Hallinan|Tom||01|Tom Hallinan]
[C|CAS|65|090000010000|527||Evans|David||02|David Evans]
[C|CAS|66|090000010000|556||Gaines|Ted||02|Ted Gaines]
[C|CAS|67|090000010000|698||Conway|Connie||02|Connie Conway]
[C|CAS|68|090000020000|630||Galgiani|Cathleen|A.|01|Cathleen Galgiani]
[C|CAS|69|090000020000|648||Cohen|Malia||01|Malia Cohen]
[C|CAS|70|090000020000|697||Chang|Barry||01|Barry Chang]
[C|CAS|71|090000020000|300||Burns|Mark|C.|02|Mark Burns]
[C|CAS|72|090000030000|13||Turner|Cheryl|C.|01|Cheryl C. Turner]
[C|CAS|73|090000030000|318||Pearlman|Nancy||01|Nancy Pearlman]
[C|CAS|74|090000030000|336||Svonkin|Scott||01|Scott Svonkin]
[C|CAS|75|090000030000|380||Kriegel|Doug||01|Doug Kriegel]
[C|CAS|76|090000030000|463||Pak|Ben||01|Ben Pak]
[C|CAS|77|090000030000|609||Vazquez|Tony||01|Tony Vazquez]
[C|CAS|78|090000030000|686||Marshall|G.|Rick|02|G. Rick Marshall]
[C|CAS|79|090000030000|333||O'Leary|Miche치l||14|Miche치l "Me-Haul" O'Leary]
[C|CAS|80|090000040000|330||Lopez-Maddox|Kenneth||01|Ken Lopez-Maddox]
[C|CAS|81|090000040000|376||Dodson|David|B.|01|David Dodson]
[C|CAS|82|090000040000|475||Schaefer|John|Michael|01|Mike Schaefer]
[C|CAS|83|090000040000|12||Kelly|John|F.|02|John F. Kelly]
[C|CAS|84|090000040000|474||Anderson|Joel||02|Joel Anderson]
[C|CAS|85|090000040000|528||Shahatit|Nader|F.|02|Nader F. Shahatit]
[C|CAS|86|090000040000|602||Stieringer|James|G.|02|Jim Stieringer]
[C|CAS|48|050000000000|649|*|Yee|Betty|T.|01|Betty T. Yee]
[C|CAS|49|050000000000|121||Roditis|Konstantinos||02|Konstantinos Roditis]
[C|CAS|50|050000000000|23||Finley|Mary|Lou|08|Mary Lou Finley]
[C|CAS|2|020000000000|15||Agbede|Akinyemi|Olabode|01|Akinyemi Agbede]
[C|CAS|3|020000000000|70||Eastin|Delaine||01|Delaine Eastin]
[C|CAS|4|020000000000|98||Mezzetti|Albert|C.|01|Albert Caesar Mezzetti]
[C|CAS|5|020000000000|379||Cares|Thomas|Jefferson|01|Thomas Jefferson Cares]
[C|CAS|6|020000000000|383||Tinaj|Klement||01|Klement Tinaj]
[C|CAS|7|020000000000|387||Bribiesca|Juan|M.|01|J. Bribiesca]
[C|CAS|8|020000000000|519||Chiang|John||01|John Chiang]
[C|CAS|9|020000000000|588||Newsom|Gavin|Christopher|01|Gavin Newsom]
[C|CAS|10|020000000000|667||Shellenberger|Michael|D.|01|Michael Shellenberger]
[C|CAS|11|020000000000|685||Villaraigosa|Antonio||01|Antonio Villaraigosa]
[C|CAS|12|020000000000|738||Renteria|Amanda||01|Amanda Renteria]
[C|CAS|13|020000000000|739||Griffis|Robert|D.|01|Robert Davidson Griffis]
[C|CAS|14|020000000000|106||Girard|Yvonne|Renee|02|Yvonne Girard]
[C|CAS|15|020000000000|142||Newman, II|Robert|C.|02|Robert C. Newman, II]
[C|CAS|16|020000000000|458||Cox|John|H.|02|John H. Cox]
[C|CAS|17|020000000000|583||Liu|Peter|Y|02|Peter Y Liu]
[C|CAS|18|020000000000|684||Allen|Travis||02|Travis Allen]
[C|CAS|19|020000000000|47||Carlson|Christopher|Nathaniel|04|Christopher N. Carlson]
[C|CAS|20|020000000000|111||Jones|Joshua|G.|04|Josh Jones]
[C|CAS|21|020000000000|83||Wildstar|Nickolas||05|Nickolas Wildstar]
[C|CAS|22|020000000000|501||Istvan|Zoltan|Gyurko|05|Zoltan Istvan]
[C|CAS|23|020000000000|5||La Riva|Gloria|E.|08|Gloria Estela La Riva]
[C|CAS|24|020000000000|46||Silveira|Desmond||14|Desmond Silveira]
[C|CAS|25|020000000000|90||Taylor|Jeffrey|Edward|14|Jeffrey Edward Taylor]
[C|CAS|26|020000000000|186||Wattenburg|Johnny||14|Johnny Wattenburg]
[C|CAS|27|020000000000|582||Goel|Shubham||14|Shubham Goel]
[C|CAS|28|020000000000|778||Mikado|Hakan||14|Hakan "Hawk" Mikado]
[C|CAS|119|110000010000|313||Peterson|David||01|David Peterson]
[C|CAS|120|110000010000|498||Denney|Audrey||01|Audrey Denney]
[C|CAS|121|110000010000|578||Holcombe|Jessica|Jones|01|Jessica Jones Holcombe]
[C|CAS|122|110000010000|752||Walters|Marty||01|Marty Walters]
[C|CAS|123|110000010000|109|*|La Malfa|Doug||02|Doug La Malfa]
[C|CAS|124|110000010000|171||Cheadle|Gregory|Edward|02|Gregory Edward Cheadle]
[C|CAS|125|110000010000|167||Elbinger|Lewis||04|Lewis Elbinger]
[C|CAS|126|110000020000|137|*|Huffman|Jared|W.|01|Jared Huffman]
[C|CAS|127|110000020000|223||Caffrey|Andrew|Augustine|01|Andy Caffrey]
[C|CAS|128|110000020000|154||Mensing|Dale|Kenneth|02|Dale K. Mensing]
[C|CAS|129|110000030000|112|*|Garamendi|John|Raymond|01|John Garamendi]
[C|CAS|130|110000030000|128||Puett|Kevin||01|Kevin Puett]
[C|CAS|131|110000030000|586||Schaupp|Charles|E.|02|Charlie Schaupp]
[C|CAS|132|110000040000|18||Bateson|Regina||01|Regina Bateson]
[C|CAS|133|110000040000|31||Calderon|Roza||01|Roza Calderon]
[C|CAS|134|110000040000|32||Morse|Jessica||01|Jessica Morse]
[C|CAS|135|110000040000|653||Lawton|Robert|A.|01|Robert Lawton]
[C|CAS|136|110000040000|445|*|McClintock|Tom||02|Tom McClintock]
[C|CAS|137|110000040000|787||White|Mitchell|Kendrick|02|Mitchell White]
[C|CAS|138|110000050000|400|*|Thompson|Mike||01|Mike Thompson]
[C|CAS|139|110000050000|8||Kishineff|Jason||04|Jason Kishineff]
[C|CAS|140|110000050000|185||Palsson|Nils||14|Nils Palsson]
[C|CAS|141|110000050000|633||Mills|Anthony||14|Anthony Mills]
[C|CAS|142|110000060000|503|*|Matsui|Doris|K.|01|Doris Matsui]
[C|CAS|143|110000060000|728||Jefferson|Delma|Jrmar|01|Jrmar Jefferson]
[C|CAS|144|110000070000|105|*|Bera|Ami||01|Ami Bera]
[C|CAS|145|110000070000|207||Barash|Yona||02|Yona Barash]
[C|CAS|146|110000070000|737||Grant|Andrew|Francis|02|Andrew Grant]
[C|CAS|147|110000070000|42||Richardson|Robert|Christian|04|Robert Christian "Chris" Richardson]
[C|CAS|148|110000070000|136||Claytor|Reginald|Howard|14|Reginald H. Claytor]
[C|CAS|149|110000080000|16||ODonnell|Ronald|J.|01|Ronald J. ODonnell]
[C|CAS|150|110000080000|63||Ramirez|Rita||01|Rita Ramirez]
[C|CAS|151|110000080000|139||Doyle|Marjorie|"Marge"|01|Marjorie "Marge" Doyle]
[C|CAS|152|110000080000|446|*|Cook|Paul|Joseph|02|Paul Cook]
[C|CAS|153|110000080000|746||Donnelly|Tim||02|Tim Donnelly]
[C|CAS|154|110000090000|194|*|McNerney|Jerry||01|Jerry McNerney]
[C|CAS|155|110000090000|635||Livengood|Marla||02|Marla Livengood]
[C|CAS|156|110000090000|196||Tsarnas|Mike|A.|03|Mike A. Tsarnas]
[C|CAS|157|110000100000|50||Madue침o|Virginia||01|Virginia Madue침o]
[C|CAS|158|110000100000|51||Barkley|Michael|J. "Mike"|01|Michael J. "Mike" Barkley]
[C|CAS|159|110000100000|57||Zwahlen|Sue||01|Sue Zwahlen]
[C|CAS|160|110000100000|140||Harder|Josh||01|Josh Harder]
[C|CAS|161|110000100000|197||Nygard|Dorothy|J.|01|Dotty Nygard]
[C|CAS|162|110000100000|563||Eggman|Michael|R.|01|Michael Eggman]
[C|CAS|163|110000100000|24|*|Denham|Jeffrey|J.|02|Jeff Denham]
[C|CAS|164|110000100000|791||Howze|Ted|D.|02|Ted D. Howze]
[C|CAS|165|110000110000|74|*|DeSaulnier|Mark|James|01|Mark DeSaulnier]
[C|CAS|166|110000110000|763||Lytton|Alva|Dennis|01|Dennis Lytton]
[C|CAS|167|110000110000|777||Fitzgerald|John|C.|02|John Fitzgerald]
[C|CAS|168|110000110000|67||Wood|Christopher|James|14|Chris Wood]
[C|CAS|169|110000120000|82||Jaffe|Stephen||01|Stephen Jaffe]
[C|CAS|170|110000120000|206||Khojasteh|Ryan|A.|01|Ryan A. Khojasteh]
[C|CAS|171|110000120000|319|*|Pelosi|Nancy||01|Nancy Pelosi]
[C|CAS|172|110000120000|536||Buttar|Shahid|A.|01|Shahid Buttar]
[C|CAS|173|110000120000|654||Remmer|Lisa||02|Lisa Remmer]
[C|CAS|174|110000120000|205||Hermanson|Barry||04|Barry Hermanson]
[C|CAS|175|110000120000|579||Goldstein|Michael||14|Michael Goldstein]
[C|CAS|176|110000130000|88|*|Lee|Barbara||01|Barbara Lee]
[C|CAS|177|110000140000|209|*|Speier|Jackie||01|Jackie Speier]
[C|CAS|178|110000140000|208||Osme침a|Cristina|Barretto|02|Cristina Osme침a]
[C|CAS|179|110000150000|584|*|Swalwell|Eric|Michael|01|Eric Swalwell]
[C|CAS|180|110000150000|668||Peters Jr.|Rudy|L.|02|Rudy L. Peters Jr.]
[C|CAS|181|110000150000|73||St. John|Erick|Brendan|14|Brendan St. John]
[C|CAS|182|110000160000|509|*|Costa|Jim|M|01|Jim Costa]
[C|CAS|183|110000160000|510||Heng|Elizabeth||02|Elizabeth Heng]
[C|CAS|184|110000170000|134|*|Khanna|Ro||01|Ro Khanna]
[C|CAS|185|110000170000|290||Tran|Khanh||01|Khanh Tran]
[C|CAS|186|110000170000|793||Forbes|Stephen|G.|01|Stephen Forbes]
[C|CAS|187|110000170000|127||Cohen|Ronald|H.|02|Ron Cohen]
[C|CAS|188|110000170000|179||Watson|Kennita||05|Kennita Watson]
[C|CAS|189|110000180000|452|*|Eshoo|Anna|G.|01|Anna G. Eshoo]
[C|CAS|190|110000180000|161||Russell|Christine||02|Christine Russell]
[C|CAS|191|110000180000|176||Fredrich|John|Karl|14|John Karl Fredrich]
[C|CAS|192|110000190000|680|*|Lofgren|Zoe||01|Zoe Lofgren]
[C|CAS|193|110000200000|569||Deitch|Douglas||01|Douglas Deitch]
[C|CAS|194|110000200000|638|*|Panetta|James|Varni|01|Jimmy Panetta]
[C|CAS|195|110000200000|745||Kabat|Ronald|P.|14|Ronald Paul Kabat]
[C|CAS|196|110000210000|723||Cox|Terrance|J.|01|TJ Cox]
[C|CAS|197|110000210000|296|*|Valadao|David|G.|02|David G. Valadao]
[C|CAS|198|110000220000|52||Janz|Andrew||01|Andrew Janz]
[C|CAS|199|110000220000|53||Franco|Ricardo|J.|01|Ricardo "Rico" Franco]
[C|CAS|200|110000220000|288||Bliatout|Bobby||01|Bobby Bliatout]
[C|CAS|201|110000220000|511|*|Nunes|Devin|Gerald|02|Devin G. Nunes]
[C|CAS|202|110000220000|221||Merryman|Bill||05|Bill Merryman]
[C|CAS|203|110000220000|158||Carroll|Brian|T.|14|Brian T. Carroll]
[C|CAS|204|110000230000|170||Reed|Wendy||01|Wendy Reed]
[C|CAS|205|110000230000|219||Matta|Tatiana||01|Tatiana Matta]
[C|CAS|206|110000230000|388||Wilson|Kurtis||01|Kurtis Wilson]
[C|CAS|207|110000230000|553||Barro|Mary Helen||01|Mary Helen Barro]
[C|CAS|208|110000230000|297|*|McCarthy|Kevin|O.|02|Kevin McCarthy]
[C|CAS|209|110000230000|309||Davis|James||14|James Davis]
[C|CAS|210|110000240000|311|*|Carbajal|Salud||01|Salud Carbajal]
[C|CAS|211|110000240000|115||Woody|Michael|Erin|02|Michael Erin Woody]
[C|CAS|212|110000240000|195||Fareed|Justin|Donald|02|Justin Fareed]
[C|CAS|213|110000250000|153||Caforio|Bryan||01|Bryan Caforio]
[C|CAS|214|110000250000|226||Hill|Katie||01|Katie Hill]
[C|CAS|215|110000250000|573||Pallant|Mary|Elizabeth|01|Mary Pallant]
[C|CAS|216|110000250000|643||Phoenix|Jess|Pelaez|01|Jess Pelaez Phoenix]
[C|CAS|217|110000250000|468|*|Knight|Steve||02|Steve Knight]
[C|CAS|218|110000260000|575|*|Brownley|Julia|Andrews|01|Julia Brownley]
[C|CAS|219|110000260000|576||Nelson|John||01|John Nelson]
[C|CAS|220|110000260000|225||Burum|Jeffrey|D.|02|Jeffrey D. Burum]
[C|CAS|221|110000260000|574||Sabato, Jr.|Antonio|Giusseppe|02|Antonio Sabato, Jr.]
[C|CAS|222|110000270000|312||Witt|Bryan||01|Bryan Witt]
[C|CAS|223|110000270000|435|*|Chu|Judy||01|Judy Chu]
[C|CAS|224|110000280000|343|*|Schiff|Adam|B.|01|Adam B. Schiff]
[C|CAS|225|110000280000|438||Genovese|Sal||01|Sal Genovese]
[C|CAS|226|110000280000|607||Nalbandian|Johnny|J.|02|Johnny J. Nalbandian]
[C|CAS|227|110000290000|286|*|Cardenas|Tony||01|Tony Cardenas]
[C|CAS|228|110000290000|345||Shammas|Joseph||01|Joseph "Joe" Shammas]
[C|CAS|229|110000290000|760||Bernal|Benito|Benny|02|Benito Benny Bernal]
[C|CAS|230|110000290000|222||Due침as|Angelica|Maria|04|Angelica Maria Due침as]
[C|CAS|231|110000290000|543||Rey|Juan||14|Juan Rey]
[C|CAS|232|110000300000|177|*|Sherman|Brad||01|Brad Sherman]
[C|CAS|233|110000300000|420||Rab|Raji||01|Raji Rab]
[C|CAS|234|110000300000|451||Pelzer|Jon||01|Jon Pelzer]
[C|CAS|235|110000300000|632||Reed|Mark|S.|02|Mark S. Reed]
[C|CAS|236|110000310000|64|*|Aguilar|Pete||01|Pete Aguilar]
[C|CAS|237|110000310000|315||Ahmed|Kaisar||01|Kaisar Ahmed]
[C|CAS|238|110000310000|552||Flynn|Sean||02|Sean Flynn]
[C|CAS|239|110000320000|100|*|Napolitano|Grace|Flores|01|Grace Flores Napolitano]
[C|CAS|240|110000330000|340|*|Lieu|Ted|W.|01|Ted W. Lieu]
[C|CAS|241|110000330000|610||Rodgers|Emory|P.|01|Emory P. Rodgers]
[C|CAS|242|110000330000|285||Wright|Kenneth|Weston|02|Kenneth Weston Wright]
[C|CAS|243|110000340000|403|*|Gomez|Jimmy||01|Jimmy Gomez]
[C|CAS|244|110000340000|507||Mejia|Kenneth||04|Kenneth Mejia]
[C|CAS|245|110000340000|298||McArdle|Angela|Elise|05|Angela Elise McArdle]
[C|CAS|246|110000350000|224|*|Torres|Norma|J.|01|Norma J. Torres]
[C|CAS|247|110000350000|744||Baca|Joe||01|Joe Baca]
[C|CAS|248|110000350000|441||Valiente|Christian|Leonel|02|Christian Leonel Valiente]
[C|CAS|249|110000360000|682|*|Ruiz|Raul||01|Raul Ruiz]
[C|CAS|250|110000360000|41||Wolkowicz|Stephan|Joseph|02|Stephan J. Wolkowicz]
[C|CAS|251|110000360000|546||Bentley|Robert||02|Robert Bentley]
[C|CAS|252|110000360000|762||Hassett|Douglas|D.|02|Douglas Hassett]
[C|CAS|253|110000360000|765||Pelzer|Kimberlin|Brown|02|Kimberlin Brown Pelzer]
[C|CAS|254|110000360000|794||Ball|Daniel|P.|02|Dan Ball]
[C|CAS|255|110000370000|385|*|Bass|Karen||01|Karen Bass]
[C|CAS|256|110000370000|220||Bassilian|Ron|J.|02|Ron J. Bassilian]
[C|CAS|257|110000380000|284|*|S치nchez|Linda|T.|01|Linda T. S치nchez]
[C|CAS|258|110000380000|476||Downing|Ryan||02|Ryan Downing]
[C|CAS|259|110000390000|66||Leggett|Suzi|Park|01|Suzi Park Leggett]
[C|CAS|260|110000390000|192||Lee|Herbert|H.|01|Herbert H. Lee]
[C|CAS|261|110000390000|278||Jammal|Samir|Geries|01|Sam Jammal]
[C|CAS|262|110000390000|393||Tran|Mai|Khanh|01|Mai Khanh Tran]
[C|CAS|263|110000390000|560||Thorburn|Andrew||01|Andy Thorburn]
[C|CAS|264|110000390000|603||Cisneros|Gilbert||01|Gil Cisneros]
[C|CAS|265|110000390000|97||Cullum|John|J.|02|John J. Cullum]
[C|CAS|266|110000390000|114||Kim|Young|O.|02|Young Kim]
[C|CAS|267|110000390000|277||Sarega|Andrew||02|Andrew Sarega]
[C|CAS|268|110000390000|457||Nelson|Shawn||02|Shawn Nelson]
[C|CAS|269|110000390000|464||Vargas|Steven||02|Steven C. Vargas]
[C|CAS|270|110000390000|548||Huff|Bob||02|Bob Huff]
[C|CAS|271|110000390000|644||Liberatore|Phil||02|Phil Liberatore]
[C|CAS|272|110000390000|275||Alexander|Sophia|J.|03|Sophia J. Alexander]
[C|CAS|273|110000390000|533||Alemayhu|Ted|M.|03|Ted M. Alemayhu]
[C|CAS|274|110000390000|274||Schatzle|Karen|Lee|14|Karen Lee Schatzle]
[C|CAS|275|110000390000|595||Cox|Steve||14|Steve Cox]
[C|CAS|276|110000400000|272|*|Roybal-Allard|Lucille||01|Lucille Roybal-Allard]
[C|CAS|277|110000400000|486||Cortes Barragan|Rodolfo||04|Rodolfo Cortes Barragan]
[C|CAS|278|110000410000|147|*|Takano|Mark|Allan|01|Mark Takano]
[C|CAS|279|110000410000|160||Smith|Aja||02|Aja Smith]
[C|CAS|280|110000420000|103||Quintero|Norman|Alberto|01|Norman Quintero]
[C|CAS|281|110000420000|759||Peacock|Julia|C|01|Julia C Peacock]
[C|CAS|282|110000420000|202|*|Calvert|Ken||02|Ken Calvert]
[C|CAS|283|110000420000|351||Woody|Matt||14|Matt Woody]
[C|CAS|284|110000430000|270|*|Waters|Maxine||01|Maxine Waters]
[C|CAS|285|110000430000|146||DeMartini|Frank|T.|02|Frank T. DeMartini]
[C|CAS|286|110000430000|534||Duterte|Edwin|P.|02|Edwin P. Duterte]
[C|CAS|287|110000430000|678||Navarro|Omar||02|Omar Navarro]
[C|CAS|288|110000430000|506||Zuniga|Miguel|Angel|04|Miguel Angel Zuniga]
[C|CAS|289|110000440000|566|*|Barrag치n|Nanette|Diaz|01|Nanette Diaz Barrag치n]
[C|CAS|290|110000440000|749||Brown|Aja|L.|01|Aja L. Brown]
[C|CAS|291|110000440000|299||Saavedra|Jazmina||02|Jazmina Saavedra]
[C|CAS|292|110000440000|608||Dash|Stacey|Lauretta|02|Stacey Dash]
[C|CAS|293|110000450000|266||Min|David|K.|01|Dave Min]
[C|CAS|294|110000450000|268||Hamadanchy|Keyarmin||01|Kia Hamadanchy]
[C|CAS|295|110000450000|338||Porter|Katie|M.|01|Katie Porter]
[C|CAS|296|110000450000|617||Forde|Brian||01|Brian Forde]
[C|CAS|297|110000450000|93|*|Walters|Mimi||02|Mimi Walters]
[C|CAS|298|110000450000|26||Graham|John|L.|14|John Graham]
[C|CAS|299|110000460000|101|*|Correa|J.|Luis|01|Lou Correa]
[C|CAS|300|110000460000|359||Lambert|Russell|Rene|02|Russell Rene Lambert]
[C|CAS|301|110000460000|9||Rushman|William|Edward|14|Ed Rushman]
[C|CAS|302|110000460000|611||Johnson|William|R.|14|Will Johnson]
[C|CAS|303|110000470000|72|*|Lowenthal|Alan||01|Alan Lowenthal]
[C|CAS|304|110000470000|264||Clifford|David|Michael|02|David Michael Clifford]
[C|CAS|305|110000470000|656||Briscoe|John||02|John Briscoe]
[C|CAS|306|110000480000|65||Keirstead|Hans|S.|01|Hans Keirstead]
[C|CAS|307|110000480000|91||Zarkades|Anthony|A.|01|Tony Zarkades]
[C|CAS|308|110000480000|263||Siddiqui|Omar|A.|01|Omar A. Siddiqui]
[C|CAS|309|110000480000|442||Kotick|Michael||01|Michael Kotick]
[C|CAS|310|110000480000|615||Schaarsmith|Deanie||01|Deanie Schaarsmith]
[C|CAS|311|110000480000|636||Payne|Rachel|Anne|01|Rachel Payne]
[C|CAS|312|110000480000|637||Rouda|Harley||01|Harley Rouda]
[C|CAS|313|110000480000|681||Oatman|Laura|R.|01|Laura Oatman]
[C|CAS|314|110000480000|76|*|Rohrabacher|Dana||02|Dana Rohrabacher]
[C|CAS|315|110000480000|262||Onufrei|Stelian||02|Stelian Onufrei]
[C|CAS|316|110000480000|561||Gabbard|John||02|John Gabbard]
[C|CAS|317|110000480000|720||Martin|Paul|E.|02|Paul Martin]
[C|CAS|318|110000480000|756||Sandman|Shastina||02|Shastina Sandman]
[C|CAS|319|110000480000|799||Baugh|Scott||02|Scott Baugh]
[C|CAS|320|110000480000|496||Reiser|Brandon||05|Brandon Reiser]
[C|CAS|321|110000480000|717||Kensinger|Kevin|T.|14|Kevin Kensinger]
[C|CAS|322|110000490000|339||Levin|Michael||01|Mike Levin]
[C|CAS|323|110000490000|390||Kerr|Paul|G.|01|Paul G. Kerr]
[C|CAS|324|110000490000|459||Jacobs|Sara|J.|01|Sara Jacobs]
[C|CAS|325|110000490000|605||Applegate|Douglas||01|Doug Applegate]
[C|CAS|326|110000490000|138||Maryott|Brian||02|Brian Maryott]
[C|CAS|327|110000490000|178||Nordal|Craig|A.|02|Craig A. Nordal]
[C|CAS|328|110000490000|398||Schoonover|Joshua|S.|02|Joshua Schoonover]
[C|CAS|329|110000490000|443||Harkey|Diane|L.|02|Diane L. Harkey]
[C|CAS|330|110000490000|466||Medway|David||02|David Medway]
[C|CAS|331|110000490000|652||Schmitt|Michael|D.|02|Mike Schmitt]
[C|CAS|332|110000490000|718||Gaspar|Kristin|D.|02|Kristin Gaspar]
[C|CAS|333|110000490000|798||Ch치vez|Rocky|J.|02|Rocky J. Ch치vez]
[C|CAS|334|110000490000|550||St. John|Danielle||04|Danielle St. John]
[C|CAS|335|110000490000|159||Hancock|Joshua|L.|05|Joshua L. Hancock]
[C|CAS|336|110000490000|54||Mills|Jordan|P.|08|Jordan P. Mills]
[C|CAS|337|110000490000|119||Pendleton|Robert|B.|14|Robert Pendleton]
[C|CAS|338|110000500000|173||Campa-Najjar|Ammar||01|Ammar Campa-Najjar]
[C|CAS|339|110000500000|337||Butner IV|Joseph|C.|01|Josh Butner]
[C|CAS|340|110000500000|465||Malloy|Jeffrey|Patrick|01|Patrick Malloy]
[C|CAS|341|110000500000|350|*|Hunter|Duncan|D.|02|Duncan Hunter]
[C|CAS|342|110000500000|467||Sayed|Shamroze||02|S. "Shamus" Sayed]
[C|CAS|343|110000500000|606||Wells|William|D.|02|Bill Wells]
[C|CAS|344|110000500000|577||Kahle|Richard||14|Richard Kahle]
[C|CAS|345|110000510000|80|*|Vargas|Juan|C.|01|Juan Vargas]
[C|CAS|346|110000510000|469||Renison Jr.|John|R.|02|John R. Renison Jr.]
[C|CAS|347|110000510000|657||Fuentes|Louis||02|Louis A. Fuentes]
[C|CAS|348|110000510000|751||Hidalgo Jr.|Juan|M.|02|Juan M. Hidalgo Jr.]
[C|CAS|349|110000510000|113||Mercado|Juan|C.|14|Juan Carlos "Charlie" Mercado]
[C|CAS|350|110000510000|539||Mitchell|Kevin||14|Kevin Mitchell]
[C|CAS|351|110000520000|537|*|Peters|Scott|H.|01|Scott Peters]
[C|CAS|352|110000520000|259||Cullen|Jeffrey||02|Jeffrey Cullen]
[C|CAS|353|110000520000|397||Casara|Daniel||02|Danny Casara]
[C|CAS|354|110000520000|440||Horst|John|Henry|02|John Horst]
[C|CAS|355|110000520000|530||Veltmeyer|James|D.|02|James Veltmeyer]
[C|CAS|356|110000520000|616||Allman|Michael|W.|02|Michael Allman]
[C|CAS|357|110000520000|719||Qudrat|Omar||02|Omar Qudrat]
[C|CAS|358|110000530000|108|*|Davis|Susan|A.|01|Susan A. Davis]
[C|CAS|359|110000530000|396||Mendoza|Matthew|James|02|Matt Mendoza]
[C|CAS|360|110000530000|444||Goda|Brett|A.|02|Brett A. Goda]
[C|CAS|361|110000530000|761||Murtaugh|Morgan||02|Morgan Murtaugh]
[C|CAS|362|110000530000|796||Kane|Shawn "Gino"||02|Shawn Gino Kane]
[C|CAS|363|110000530000|55||Kim|Bryan||14|Bryan Kim]
[C|CAS|60|080000000000|526||Lara|Ricardo||01|Ricardo Lara]
[C|CAS|61|080000000000|641||Mahmood|Asif||01|Asif Mahmood]
[C|CAS|62|080000000000|6||Hrizi|Nathalie|P.|08|Nathalie Hrizi]
[C|CAS|63|080000000000|488||Poizner|Stephen||14|Steve Poizner]
[C|CAS|29|030000000000|378||Gharabiklou|Cameron||01|Cameron Gharabiklou]
[C|CAS|30|030000000000|559||Hernandez|Ed||01|Ed Hernandez]
[C|CAS|31|030000000000|625||Kounalakis|Eleni||01|Eleni Kounalakis]
[C|CAS|32|030000000000|696||Bleich|Jeffrey|Laurence|01|Jeff Bleich]
[C|CAS|33|030000000000|230||Hernandez|David|R.|02|David R. Hernandez]
[C|CAS|34|030000000000|515||Harris|Cole||02|Cole Harris]
[C|CAS|35|030000000000|596||Fennell|David||02|David Fennell]
[C|CAS|36|030000000000|690||Ortega|Lydia||02|Lydia Ortega]
[C|CAS|37|030000000000|317||Ferreira|Tim||05|Tim Ferreira]
[C|CAS|38|030000000000|4||McLaughlin|Gayle||14|Gayle McLaughlin]
[C|CAS|39|030000000000|562||Thomas|Danny||14|Danny Thomas]
[C|CAS|662|160000000000|332||Tuck|Marshall||13|Marshall Tuck]
[C|CAS|663|160000000000|381||Ireland|Steven||13|Steven Ireland]
[C|CAS|664|160000000000|671||Ploski|Lily|Elisabeth|13|Lily (Espinoza) Ploski]
[C|CAS|665|160000000000|694||Thurmond|Tony|K.|13|Tony K. Thurmond]
[C|CAS|40|040000000000|193|*|Padilla|Alex||01|Alex Padilla]
[C|CAS|41|040000000000|382||Major|Ruben||01|Ruben Major]
[C|CAS|42|040000000000|22||Meuser|Mark|Philip|02|Mark P. Meuser]
[C|CAS|43|040000000000|182||Rodriguez Jr.|Raul||02|Raul Rodriguez Jr]
[C|CAS|44|040000000000|30||Feinstein|Michael||04|Michael Feinstein]
[C|CAS|45|040000000000|145||Rydberg|Erik|Benjamin|04|Erik Rydberg]
[C|CAS|46|040000000000|71||Lightfoot|Gail|K.|05|Gail K. Lightfoot]
[C|CAS|47|040000000000|3||Weber|CT||08|C. T. Weber]
[C|CAS|364|120000020000|7|*|McGuire|Mike||01|Mike McGuire]
[C|CAS|365|120000020000|183||Jacobi|Veronica|"Roni"|01|Veronica "Roni" Jacobi]
[C|CAS|366|120000040000|715||Worley|Michael||01|Michael "Mike" Worley]
[C|CAS|367|120000040000|742||Kim|Phillip|Jungwha|01|Phillip Kim]
[C|CAS|368|120000040000|551|*|Nielsen|James|W.|02|James Nielsen]
[C|CAS|369|120000060000|129||Mason|Jacob||01|Jacob Mason]
[C|CAS|370|120000060000|502|*|Pan|Richard|Juien-Dah|01|Richard Pan]
[C|CAS|371|120000060000|180||DeRose|Janine||05|Janine DeRose]
[C|CAS|372|120000060000|1||Frame|Eric|Stephan Timothy|14|Eric Frame]
[C|CAS|373|120000080000|20||Pratt|Tom||01|Tom Pratt]
[C|CAS|374|120000080000|218||Miranda|Paulina||01|Paulina Miranda]
[C|CAS|375|120000080000|85||Borgeas|Andreas||02|Andreas Borgeas]
[C|CAS|376|120000080000|125||Belden|Mark||14|Mark Belden]
[C|CAS|377|120000100000|523|*|Wieckowski|Robert|Anthony|01|Bob Wieckowski]
[C|CAS|378|120000100000|712||San Vicente|Victor|G.|02|Victor G. San Vicente]
[C|CAS|379|120000100000|713||Sarsak|Ali||05|Ali Sarsak]
[C|CAS|380|120000120000|291||Parra|Daniel||01|Daniel Parra]
[C|CAS|381|120000120000|659||Caballero|Anna|Marie|01|Anna Caballero]
[C|CAS|382|120000120000|75||Tacherra|Johnny|M.|02|Johnny Tacherra]
[C|CAS|383|120000120000|621||Poythress|Rob||02|Rob Poythress]
[C|CAS|384|120000140000|184||Hurtado|Melissa||01|Melissa Hurtado]
[C|CAS|385|120000140000|188||Solis|Abigail||01|Abigail Solis]
[C|CAS|386|120000140000|758||Macareno|Ruben||01|Ruben Macareno]
[C|CAS|387|120000140000|647|*|Vidak|James|Andrew|02|Andy Vidak]
[C|CAS|388|120000160000|124||Musser-Lopez|Ruth||01|Ruth Musser-Lopez]
[C|CAS|389|120000160000|320||Grove|Shannon||02|Shannon Grove]
[C|CAS|390|120000160000|322||Tatum|Gregory||02|Gregory Tatum]
[C|CAS|391|120000180000|408|*|Hertzberg|Bob||01|Bob Hertzberg]
[C|CAS|392|120000180000|455||Sayegh|Roger|James|01|Roger James Sayegh]
[C|CAS|393|120000180000|293||Saario|Brandon||02|Brandon Saario]
[C|CAS|394|120000180000|410||Melendez|Rudy||02|Rudy Melendez]
[C|CAS|395|120000200000|60||Avila|Paul|Vincent|01|Paul Vincent Avila]
[C|CAS|396|120000200000|321|*|Leyva|Connie||01|Connie Leyva]
[C|CAS|397|120000200000|126||Munson|Matthew||02|Matthew Munson]
[C|CAS|398|120000220000|342||Sierra|Ruben||01|Ruben Sierra]
[C|CAS|399|120000220000|414||Garcia|Monica||01|Monica Garcia]
[C|CAS|400|120000220000|492||Eng|Mike||01|Mike Eng]
[C|CAS|401|120000220000|524||Rubio|Susan||01|Susan Rubio]
[C|CAS|402|120000240000|346||Durazo|Maria|Elena|01|Maria Elena Durazo]
[C|CAS|403|120000240000|412||Choi|Peter||01|Peter Choi]
[C|CAS|404|120000260000|349|*|Allen|Benjamin||01|Ben Allen]
[C|CAS|405|120000260000|711||Herd|Mark|Matthew|05|Mark Matthew Herd]
[C|CAS|406|120000260000|639||Bruno|Baron||14|Baron Bruno]
[C|CAS|407|120000280000|110||Silver|Joy||01|Joy Silver]
[C|CAS|408|120000280000|623||Nevenic|SvetLana||01|Anna Nevenic]
[C|CAS|409|120000280000|774|*|Stone|Jeffrey|Earle|02|Jeff Stone]
[C|CAS|410|120000300000|520|*|Mitchell|Holly|J.|01|Holly J. Mitchell]
[C|CAS|411|120000320000|217||Mendoza|Tony||01|Tony Mendoza]
[C|CAS|412|120000320000|344||Romero|Vivian||01|Vivian Romero]
[C|CAS|413|120000320000|406||Santana|Vicky||01|Vicky Santana]
[C|CAS|414|120000320000|521||Archuleta|Bob|J.|01|Bob J. Archuleta]
[C|CAS|415|120000320000|522||Delgado|Vanessa||01|Vanessa Delgado]
[C|CAS|416|120000320000|597||Taj|Ali|S.|01|Ali S. Taj]
[C|CAS|417|120000320000|598||Bermudez|Rudy||01|Rudy Bermudez]
[C|CAS|418|120000320000|757||Castellanos|David||01|David Castellanos]
[C|CAS|419|120000320000|755||Sarega|Ion||02|Ion Sarega]
[C|CAS|420|120000320000|779||Topalian|Rita||02|Rita Topalian]
[C|CAS|421|120000340000|292||Samson|Jestin|L.|01|Jestin L. Samson]
[C|CAS|422|120000340000|629||Umberg|Thomas||01|Tom Umberg]
[C|CAS|423|120000340000|767||Hawkins|Akash|A.|01|Akash A. Hawkins]
[C|CAS|424|120000340000|81|*|Nguyen|Janet||02|Janet Nguyen]
[C|CAS|425|120000360000|295||Castellano|Marggie||01|Marggie Castellano]
[C|CAS|426|120000360000|294|*|Bates|Patricia|C.|02|Patricia C. 'Pat' Bates]
[C|CAS|427|120000380000|710||Griffith|Jeff||01|Jeff Griffith]
[C|CAS|428|120000380000|487||Jones|Brian|W.|02|Brian W. Jones]
[C|CAS|429|120000380000|392||Salguero|Antonio||05|Antonio Salguero]
[C|CAS|430|120000400000|416|*|Hueso|Benjamin||01|Ben Hueso]
[C|CAS|431|120000400000|709||Vargas|Luis|R.|02|Luis R. Vargas]
[C|CAS|51|060000000000|335||Ma|Fiona||01|Fiona Ma]
[C|CAS|52|060000000000|590||Viswanathan|Vivek||01|Vivek Viswanathan]
[C|CAS|53|060000000000|447||Guerrero|Jack|M.|02|Jack M. Guerrero]
[C|CAS|54|060000000000|695||Conlon|Greg||02|Greg Conlon]
[C|CAS|55|060000000000|17||Akin|Kevin||08|Kevin Akin]
[C|CAS|87|100000000002|94||Peters|Herbert|G.|01|Herbert G. Peters]
[C|CAS|88|100000000002|143||Hildebrand|David||01|David Hildebrand]
[C|CAS|89|100000000002|200||Turner|Donnie|O.|01|Donnie O. Turner]
[C|CAS|90|100000000002|331||Hartson|Alison||01|Alison Hartson]
[C|CAS|91|100000000002|377||Plummer|Gerald||01|Gerald Plummer]
[C|CAS|92|100000000002|460||Edwards|Adrienne|Nicole|01|Adrienne Nicole Edwards]
[C|CAS|93|100000000002|495||De Leon|Kevin||01|Kevin De Leon]
[C|CAS|94|100000000002|516|*|Feinstein|Dianne||01|Dianne Feinstein]
[C|CAS|95|100000000002|517||Pierce|Douglas|Howard|01|Douglas Howard Pierce]
[C|CAS|96|100000000002|735||Harris|Pat||01|Pat Harris]
[C|CAS|97|100000000002|61||Laws|Jerry|Joseph|02|Jerry Joseph Laws]
[C|CAS|98|100000000002|107||Cruz|Erin||02|Erin Cruz]
[C|CAS|99|100000000002|375||Crew|John||02|John "Jack" Crew]
[C|CAS|100|100000000002|484||Nabliba|Mario||02|Mario Nabliba]
[C|CAS|101|100000000002|493||Mottus|Kevin||02|Kevin Mottus]
[C|CAS|102|100000000002|514||Little|Patrick|Ryan|02|Patrick Little]
[C|CAS|103|100000000002|518||Taylor|Paul|A|02|Paul A Taylor]
[C|CAS|104|100000000002|585||De La Fuente|Roque|Rocky|02|Roque "Rocky" De La Fuente]
[C|CAS|105|100000000002|691||Bhumitra|Arun|K.|02|Arun K. Bhumitra]
[C|CAS|106|100000000002|693||Palzer|Tom||02|Tom Palzer]
[C|CAS|107|100000000002|784||Bradley|James|P|02|James P Bradley]
[C|CAS|108|100000000002|33||Reid|Derrick|Michael|05|Derrick Michael Reid]
[C|CAS|109|100000000002|116||Parker|John|Thompson|08|John Thompson Parker]
[C|CAS|110|100000000002|38||Grundmann|Don|J.|14|Don J. Grundmann]
[C|CAS|111|100000000002|157||Gildersleeve|Tim||14|Tim Gildersleeve]
[C|CAS|112|100000000002|384||Hanania|Jason|M.|14|Jason M. Hanania]
[C|CAS|113|100000000002|449||Olson|Lee||14|Lee Olson]
[C|CAS|114|100000000002|500||Girgis|Michael|Fahmy|14|Michael Fahmy Girgis]
[C|CAS|115|100000000002|529||Shi|Ling Ling||14|Ling Ling Shi]
[C|CAS|116|100000000002|620||Moore|David||14|David Moore]
[C|CAS|117|100000000002|662||Ghosh|Rash|Bihari|14|Rash Bihari Ghosh]
[C|CAS|118|100000000002|726||Fernald|Colleen|Shea|14|Colleen Shea Fernald]